{
  "scriptFile": "main.py",
  "entryPoint": "main",
  "bindings": [
      {
          "name": "message",
          "type": "serviceBusTrigger",
          "direction": "in",
          "topicName": "%INSIGHT_ENGINE_TOPIC_NAME%",
          "subscriptionName": "%SUBSCRIPTION_NAME_GEARBOX%",
          "connection": "SBT_INSIGHT_ENGINE_CONNECTION_SETTING"
      },
      {
          "name": "feature",
          "type": "eventHub",
          "direction": "out",
          "eventHubName": "%HF_FEATURES_EVENTHUB_NAME%",
          "connection": "HF_FEATURES_EH_CONNECTION_SETTING"
      },
      {
        "name": "faults",
        "type": "eventHub",
        "direction": "out",
        "eventHubName": "%HF_FAULTS_EVENTHUB_NAME%",
        "connection": "HF_FAULTS_EH_CONNECTION_SETTING"
    }
  ]
}
