{
  "IsEncrypted": false,
  "Values": {
    "AzureWebJobsStorage": "",
    "FUNCTIONS_WORKER_RUNTIME": "python",
    "AzureWebJobsFeatureFlags": "EnableWorkerIndexing",
    "EventHubAPTesting_iothubroutes_IOTAPTesting_EVENTHUB": "Endpoint=sb://eventhub-ap-testing.servicebus.windows.net/;SharedAccessKeyName=iothubroutes_IOT-AP-Testing;SharedAccessKey=nJ6XA6wr61JpMJzB6hNyg6wwpHaMZcxj6+AEhAFx2rA=;EntityPath=event-hub-ap",
    "EventHubAPTesting_eventhubsend_EVENTHUB": "Endpoint=sb://eventhub-ap-testing.servicebus.windows.net/;SharedAccessKeyName=event-hub-send;SharedAccessKey=CX6sMOAlIRKqrj0dAhfJgt1fhYhiw97ic+AEhM8jPiU=;EntityPath=event-hub-ap"
  }
}