{
      "scriptFile": "main.py",
      "bindings": [
        {
            "type" : "kafkaTrigger",
            "direction": "in",
            "name" : "kevents",
            "protocol" : "SASLSSL",
            "password" : "XwtNm+M6Hmygsg1PTOQsjlAfJpf5KfiYXMCA6UDDxWJFIriHsKQSUL1CFbswTDmN",
            "topic" : "jsw_test",
            "authenticationMode" : "PLAIN",
            "cardinality" : "MANY",
            "dataType": "string",
            "consumerGroup" : "python-producer",
            "username" : "SOYAPW63EVJJUKHQ",
            "BrokerList" : "pkc-4j8dq.southeastasia.azure.confluent.cloud:9092"    
        }
    ]
}
