﻿Industry_aggregation_NZSIOC,Industry_code_NZSIOC,Industry_name_NZSIOC,Units,,,,
Level 1,99999,All industries,Dollars (millions),,,,
Level 1,99999,All industries,Dollars (millions),,,,
Level 1,99999,All industries,Dollars (millions),,,,
Level 1,99999,All industries,Dollars (millions),,,,
Level 1,99999,All industries,Dollars (millions),,,,
Level 1,99999,All industries,Dollars (millions),,,,
Level 1,99999,All industries,Dollars (millions),,,,
Level 1,99999,All industries,Dollars (millions),,,,
Level 1,99999,All industries,Dollars (millions),,,,
Level 1,99999,All industries,Dollars (millions),,,,
